年	地域	国	メダル数
2008	南アジア	アフガニスタン	1
2012	南アジア	アフガニスタン	1
1984	北アフリカ	アルジェリア	2
1992	北アフリカ	アルジェリア	2
1996	北アフリカ	アルジェリア	3
2000	北アフリカ	アルジェリア	5
2008	北アフリカ	アルジェリア	2
2012	北アフリカ	アルジェリア	1
1924	ラテンアメリカ・カリブ海地域	アルゼンチン	11
1928	ラテンアメリカ・カリブ海地域	アルゼンチン	32
1932	ラテンアメリカ・カリブ海地域	アルゼンチン	4
1936	ラテンアメリカ・カリブ海地域	アルゼンチン	11
1948	ラテンアメリカ・カリブ海地域	アルゼンチン	12
1952	ラテンアメリカ・カリブ海地域	アルゼンチン	6
1956	ラテンアメリカ・カリブ海地域	アルゼンチン	2
1960	ラテンアメリカ・カリブ海地域	アルゼンチン	4
1964	ラテンアメリカ・カリブ海地域	アルゼンチン	1
1968	ラテンアメリカ・カリブ海地域	アルゼンチン	2
1972	ラテンアメリカ・カリブ海地域	アルゼンチン	1
1988	ラテンアメリカ・カリブ海地域	アルゼンチン	13
1992	ラテンアメリカ・カリブ海地域	アルゼンチン	2
1996	ラテンアメリカ・カリブ海地域	アルゼンチン	20
2000	ラテンアメリカ・カリブ海地域	アルゼンチン	20
2004	ラテンアメリカ・カリブ海地域	アルゼンチン	47
2008	ラテンアメリカ・カリブ海地域	アルゼンチン	51
2012	ラテンアメリカ・カリブ海地域	アルゼンチン	20
1996	西アジア	アルメニア	2
2000	西アジア	アルメニア	1
2008	西アジア	アルメニア	6
2012	西アジア	アルメニア	2
1908	オーストラレーシア	オーストラレーシア	19
1912	オーストラレーシア	オーストラレーシア	10
1896	オーストラレーシア	オーストラリア	2
1900	オーストラレーシア	オーストラリア	5
1920	オーストラレーシア	オーストラリア	6
1924	オーストラレーシア	オーストラリア	10
1928	オーストラレーシア	オーストラリア	4
1932	オーストラレーシア	オーストラリア	5
1936	オーストラレーシア	オーストラリア	1
1948	オーストラレーシア	オーストラリア	16
1952	オーストラレーシア	オーストラリア	20
1956	オーストラレーシア	オーストラリア	61
1960	オーストラレーシア	オーストラリア	36
1964	オーストラレーシア	オーストラリア	42
1968	オーストラレーシア	オーストラリア	49
1972	オーストラレーシア	オーストラリア	20
1976	オーストラレーシア	オーストラリア	24
1980	オーストラレーシア	オーストラリア	12
1984	オーストラレーシア	オーストラリア	50
1988	オーストラレーシア	オーストラリア	34
1992	オーストラレーシア	オーストラリア	57
1996	オーストラレーシア	オーストラリア	132
2000	オーストラレーシア	オーストラリア	183
2004	オーストラレーシア	オーストラリア	157
2008	オーストラレーシア	オーストラリア	149
2012	オーストラレーシア	オーストラリア	114
1896	西ヨーロッパ	オーストリア	5
1900	西ヨーロッパ	オーストリア	6
1904	西ヨーロッパ	オーストリア	1
1908	西ヨーロッパ	オーストリア	1
1912	西ヨーロッパ	オーストリア	14
1924	西ヨーロッパ	オーストリア	4
1928	西ヨーロッパ	オーストリア	4
1932	西ヨーロッパ	オーストリア	5
1936	西ヨーロッパ	オーストリア	50
1948	西ヨーロッパ	オーストリア	4
1952	西ヨーロッパ	オーストリア	3
1956	西ヨーロッパ	オーストリア	4
1960	西ヨーロッパ	オーストリア	3
1968	西ヨーロッパ	オーストリア	5
1972	西ヨーロッパ	オーストリア	3
1976	西ヨーロッパ	オーストリア	1
1980	西ヨーロッパ	オーストリア	5
1984	西ヨーロッパ	オーストリア	3
1988	西ヨーロッパ	オーストリア	1
1992	西ヨーロッパ	オーストリア	6
1996	西ヨーロッパ	オーストリア	3
2000	西ヨーロッパ	オーストリア	4
2004	西ヨーロッパ	オーストリア	8
2008	西ヨーロッパ	オーストリア	3
1996	西アジア	アゼルバイジャン	1
2000	西アジア	アゼルバイジャン	3
2004	西アジア	アゼルバイジャン	5
2008	西アジア	アゼルバイジャン	7
2012	西アジア	アゼルバイジャン	10
1956	ラテンアメリカ・カリブ海地域	バハマ	2
1964	ラテンアメリカ・カリブ海地域	バハマ	2
1992	ラテンアメリカ・カリブ海地域	バハマ	1
1996	ラテンアメリカ・カリブ海地域	バハマ	5
2000	ラテンアメリカ・カリブ海地域	バハマ	6
2004	ラテンアメリカ・カリブ海地域	バハマ	2
2008	ラテンアメリカ・カリブ海地域	バハマ	5
2012	ラテンアメリカ・カリブ海地域	バハマ	4
2012	西アジア	バーレーン	1
2000	ラテンアメリカ・カリブ海地域	バルバドス	1
1996	東ヨーロッパ	ベラルーシ	23
2000	東ヨーロッパ	ベラルーシ	22
2004	東ヨーロッパ	ベラルーシ	17
2008	東ヨーロッパ	ベラルーシ	30
2012	東ヨーロッパ	ベラルーシ	21
1900	西ヨーロッパ	ベルギー	39
1908	西ヨーロッパ	ベルギー	31
1912	西ヨーロッパ	ベルギー	19
1920	西ヨーロッパ	ベルギー	188
1924	西ヨーロッパ	ベルギー	38
1928	西ヨーロッパ	ベルギー	5
1936	西ヨーロッパ	ベルギー	12
1948	西ヨーロッパ	ベルギー	14
1952	西ヨーロッパ	ベルギー	7
1956	西ヨーロッパ	ベルギー	2
1960	西ヨーロッパ	ベルギー	4
1964	西ヨーロッパ	ベルギー	3
1968	西ヨーロッパ	ベルギー	3
1972	西ヨーロッパ	ベルギー	2
1976	西ヨーロッパ	ベルギー	9
1980	西ヨーロッパ	ベルギー	1
1984	西ヨーロッパ	ベルギー	5
1988	西ヨーロッパ	ベルギー	2
1992	西ヨーロッパ	ベルギー	3
1996	西ヨーロッパ	ベルギー	6
2000	西ヨーロッパ	ベルギー	7
2004	西ヨーロッパ	ベルギー	3
2008	西ヨーロッパ	ベルギー	5
2012	西ヨーロッパ	ベルギー	3
1976	北アメリカ	バミューダ	1
1900	東ヨーロッパ	ボヘミア	2
1908	東ヨーロッパ	ボヘミア	5
2012	サブサハラ・アフリカ	ボツワナ	1
1920	ラテンアメリカ・カリブ海地域	ブラジル	7
1948	ラテンアメリカ・カリブ海地域	ブラジル	12
1952	ラテンアメリカ・カリブ海地域	ブラジル	3
1956	ラテンアメリカ・カリブ海地域	ブラジル	1
1960	ラテンアメリカ・カリブ海地域	ブラジル	13
1964	ラテンアメリカ・カリブ海地域	ブラジル	12
1968	ラテンアメリカ・カリブ海地域	ブラジル	4
1972	ラテンアメリカ・カリブ海地域	ブラジル	2
1976	ラテンアメリカ・カリブ海地域	ブラジル	3
1980	ラテンアメリカ・カリブ海地域	ブラジル	9
1984	ラテンアメリカ・カリブ海地域	ブラジル	37
1988	ラテンアメリカ・カリブ海地域	ブラジル	28
1992	ラテンアメリカ・カリブ海地域	ブラジル	14
1996	ラテンアメリカ・カリブ海地域	ブラジル	64
2000	ラテンアメリカ・カリブ海地域	ブラジル	48
2004	ラテンアメリカ・カリブ海地域	ブラジル	40
2008	ラテンアメリカ・カリブ海地域	ブラジル	75
2012	ラテンアメリカ・カリブ海地域	ブラジル	59
1960	ラテンアメリカ・カリブ海地域	イギリス領西インド諸島	5
1952	東ヨーロッパ	ブルガリア	1
1956	東ヨーロッパ	ブルガリア	18
1960	東ヨーロッパ	ブルガリア	7
1964	東ヨーロッパ	ブルガリア	10
1968	東ヨーロッパ	ブルガリア	26
1972	東ヨーロッパ	ブルガリア	22
1976	東ヨーロッパ	ブルガリア	39
1980	東ヨーロッパ	ブルガリア	94
1988	東ヨーロッパ	ブルガリア	41
1992	東ヨーロッパ	ブルガリア	17
1996	東ヨーロッパ	ブルガリア	21
2000	東ヨーロッパ	ブルガリア	13
2004	東ヨーロッパ	ブルガリア	17
2008	東ヨーロッパ	ブルガリア	5
2012	東ヨーロッパ	ブルガリア	2
1996	サブサハラ・アフリカ	ブルンジ	1
1968	サブサハラ・アフリカ	カメルーン	1
1984	サブサハラ・アフリカ	カメルーン	1
2000	サブサハラ・アフリカ	カメルーン	18
2004	サブサハラ・アフリカ	カメルーン	1
2008	サブサハラ・アフリカ	カメルーン	1
2012	サブサハラ・アフリカ	カメルーン	1
1900	北アメリカ	カナダ	2
1904	北アメリカ	カナダ	35
1908	北アメリカ	カナダ	51
1912	北アメリカ	カナダ	8
1920	北アメリカ	カナダ	16
1924	北アメリカ	カナダ	20
1928	北アメリカ	カナダ	33
1932	北アメリカ	カナダ	38
1936	北アメリカ	カナダ	22
1948	北アメリカ	カナダ	6
1952	北アメリカ	カナダ	4
1956	北アメリカ	カナダ	19
1960	北アメリカ	カナダ	9
1964	北アメリカ	カナダ	5
1968	北アメリカ	カナダ	10
1972	北アメリカ	カナダ	10
1976	北アメリカ	カナダ	20
1984	北アメリカ	カナダ	86
1988	北アメリカ	カナダ	21
1992	北アメリカ	カナダ	44
1996	北アメリカ	カナダ	51
2000	北アメリカ	カナダ	31
2004	北アメリカ	カナダ	17
2008	北アメリカ	カナダ	34
2012	北アメリカ	カナダ	57
1928	ラテンアメリカ・カリブ海地域	チリ	1
1952	ラテンアメリカ・カリブ海地域	チリ	4
1956	ラテンアメリカ・カリブ海地域	チリ	4
1988	ラテンアメリカ・カリブ海地域	チリ	1
2000	ラテンアメリカ・カリブ海地域	チリ	18
2004	ラテンアメリカ・カリブ海地域	チリ	4
2008	ラテンアメリカ・カリブ海地域	チリ	1
1984	東アジア	中国	76
1988	東アジア	中国	53
1992	東アジア	中国	83
1996	東アジア	中国	110
2000	東アジア	中国	79
2004	東アジア	中国	94
2008	東アジア	中国	184
2012	東アジア	中国	128
1960	東アジア	チャイニーズタイペイ	1
1968	東アジア	チャイニーズタイペイ	1
1984	東アジア	チャイニーズタイペイ	1
1992	東アジア	チャイニーズタイペイ	20
1996	東アジア	チャイニーズタイペイ	1
2000	東アジア	チャイニーズタイペイ	5
2004	東アジア	チャイニーズタイペイ	9
2008	東アジア	チャイニーズタイペイ	4
2012	東アジア	チャイニーズタイペイ	2
1972	ラテンアメリカ・カリブ海地域	コロンビア	3
1984	ラテンアメリカ・カリブ海地域	コロンビア	1
1988	ラテンアメリカ・カリブ海地域	コロンビア	1
1992	ラテンアメリカ・カリブ海地域	コロンビア	1
2000	ラテンアメリカ・カリブ海地域	コロンビア	1
2004	ラテンアメリカ・カリブ海地域	コロンビア	2
2008	ラテンアメリカ・カリブ海地域	コロンビア	2
2012	ラテンアメリカ・カリブ海地域	コロンビア	8
1988	ラテンアメリカ・カリブ海地域	コスタリカ	1
1996	ラテンアメリカ・カリブ海地域	コスタリカ	1
2000	ラテンアメリカ・カリブ海地域	コスタリカ	2
1992	南ヨーロッパ	クロアチア	15
1996	南ヨーロッパ	クロアチア	29
2000	南ヨーロッパ	クロアチア	10
2004	南ヨーロッパ	クロアチア	20
2008	南ヨーロッパ	クロアチア	5
2012	南ヨーロッパ	クロアチア	35
1900	ラテンアメリカ・カリブ海地域	キューバ	2
1904	ラテンアメリカ・カリブ海地域	キューバ	9
1948	ラテンアメリカ・カリブ海地域	キューバ	2
1964	ラテンアメリカ・カリブ海地域	キューバ	1
1968	ラテンアメリカ・カリブ海地域	キューバ	10
1972	ラテンアメリカ・カリブ海地域	キューバ	22
1976	ラテンアメリカ・カリブ海地域	キューバ	24
1980	ラテンアメリカ・カリブ海地域	キューバ	20
1992	ラテンアメリカ・カリブ海地域	キューバ	71
1996	ラテンアメリカ・カリブ海地域	キューバ	57
2000	ラテンアメリカ・カリブ海地域	キューバ	69
2004	ラテンアメリカ・カリブ海地域	キューバ	61
2008	ラテンアメリカ・カリブ海地域	キューバ	47
2012	ラテンアメリカ・カリブ海地域	キューバ	15
2012	西アジア	キプロス	1
1920	東ヨーロッパ	チェコ	10
1924	東ヨーロッパ	チェコ	10
1928	東ヨーロッパ	チェコ	16
1932	東ヨーロッパ	チェコ	4
1936	東ヨーロッパ	チェコ	17
1948	東ヨーロッパ	チェコ	20
1952	東ヨーロッパ	チェコ	25
1956	東ヨーロッパ	チェコ	7
1960	東ヨーロッパ	チェコ	22
1964	東ヨーロッパ	チェコ	55
1968	東ヨーロッパ	チェコ	29
1972	東ヨーロッパ	チェコ	29
1976	東ヨーロッパ	チェコ	15
1980	東ヨーロッパ	チェコ	52
1988	東ヨーロッパ	チェコ	10
1992	東ヨーロッパ	チェコ	8
1996	東ヨーロッパ	チェコ	13
2000	東ヨーロッパ	チェコ	9
2004	東ヨーロッパ	チェコ	12
2008	東ヨーロッパ	チェコ	7
2012	東ヨーロッパ	チェコ	15
1896	北ヨーロッパ	デンマーク	6
1900	北ヨーロッパ	デンマーク	6
1908	北ヨーロッパ	デンマーク	15
1912	北ヨーロッパ	デンマーク	84
1920	北ヨーロッパ	デンマーク	75
1924	北ヨーロッパ	デンマーク	12
1928	北ヨーロッパ	デンマーク	13
1932	北ヨーロッパ	デンマーク	9
1936	北ヨーロッパ	デンマーク	6
1948	北ヨーロッパ	デンマーク	49
1952	北ヨーロッパ	デンマーク	9
1956	北ヨーロッパ	デンマーク	7
1960	北ヨーロッパ	デンマーク	23
1964	北ヨーロッパ	デンマーク	12
1968	北ヨーロッパ	デンマーク	16
1972	北ヨーロッパ	デンマーク	1
1976	北ヨーロッパ	デンマーク	8
1980	北ヨーロッパ	デンマーク	8
1984	北ヨーロッパ	デンマーク	15
1988	北ヨーロッパ	デンマーク	7
1992	北ヨーロッパ	デンマーク	14
1996	北ヨーロッパ	デンマーク	24
2000	北ヨーロッパ	デンマーク	25
2004	北ヨーロッパ	デンマーク	29
2008	北ヨーロッパ	デンマーク	18
2012	北ヨーロッパ	デンマーク	16
1988	サブサハラ・アフリカ	ジブチ	1
1984	ラテンアメリカ・カリブ海地域	ドミニカ共和国	1
2004	ラテンアメリカ・カリブ海地域	ドミニカ共和国	1
2008	ラテンアメリカ・カリブ海地域	ドミニカ共和国	2
2012	ラテンアメリカ・カリブ海地域	ドミニカ共和国	2
1968	西ヨーロッパ	東ドイツ	51
1972	西ヨーロッパ	東ドイツ	148
1976	西ヨーロッパ	東ドイツ	192
1980	西ヨーロッパ	東ドイツ	260
1988	西ヨーロッパ	東ドイツ	174
1996	ラテンアメリカ・カリブ海地域	エクアドル	1
2008	ラテンアメリカ・カリブ海地域	エクアドル	1
1928	北アフリカ	エジプト	4
1936	北アフリカ	エジプト	5
1948	北アフリカ	エジプト	5
1952	北アフリカ	エジプト	1
1960	北アフリカ	エジプト	2
1984	北アフリカ	エジプト	1
2004	北アフリカ	エジプト	5
2008	北アフリカ	エジプト	1
2012	北アフリカ	エジプト	4
2004	サブサハラ・アフリカ	エリトリア	1
1920	北ヨーロッパ	エストニア	3
1924	北ヨーロッパ	エストニア	6
1928	北ヨーロッパ	エストニア	9
1936	北ヨーロッパ	エストニア	7
1992	北ヨーロッパ	エストニア	3
2000	北ヨーロッパ	エストニア	3
2004	北ヨーロッパ	エストニア	3
2008	北ヨーロッパ	エストニア	3
2012	北ヨーロッパ	エストニア	2
1960	サブサハラ・アフリカ	エチオピア	1
1964	サブサハラ・アフリカ	エチオピア	1
1968	サブサハラ・アフリカ	エチオピア	2
1972	サブサハラ・アフリカ	エチオピア	2
1980	サブサハラ・アフリカ	エチオピア	4
1992	サブサハラ・アフリカ	エチオピア	3
1996	サブサハラ・アフリカ	エチオピア	3
2000	サブサハラ・アフリカ	エチオピア	8
2004	サブサハラ・アフリカ	エチオピア	7
2008	サブサハラ・アフリカ	エチオピア	7
2012	サブサハラ・アフリカ	エチオピア	7
1908	北ヨーロッパ	フィンランド	29
1912	北ヨーロッパ	フィンランド	67
1920	北ヨーロッパ	フィンランド	49
1924	北ヨーロッパ	フィンランド	52
1928	北ヨーロッパ	フィンランド	25
1932	北ヨーロッパ	フィンランド	29
1936	北ヨーロッパ	フィンランド	26
1948	北ヨーロッパ	フィンランド	29
1952	北ヨーロッパ	フィンランド	40
1956	北ヨーロッパ	フィンランド	26
1960	北ヨーロッパ	フィンランド	6
1964	北ヨーロッパ	フィンランド	5
1968	北ヨーロッパ	フィンランド	4
1972	北ヨーロッパ	フィンランド	10
1976	北ヨーロッパ	フィンランド	6
1980	北ヨーロッパ	フィンランド	9
1984	北ヨーロッパ	フィンランド	12
1988	北ヨーロッパ	フィンランド	4
1992	北ヨーロッパ	フィンランド	7
1996	北ヨーロッパ	フィンランド	4
2000	北ヨーロッパ	フィンランド	5
2004	北ヨーロッパ	フィンランド	2
2008	北ヨーロッパ	フィンランド	5
2012	北ヨーロッパ	フィンランド	5
1896	西ヨーロッパ	フランス	11
1900	西ヨーロッパ	フランス	185
1908	西ヨーロッパ	フランス	35
1912	西ヨーロッパ	フランス	25
1920	西ヨーロッパ	フランス	141
1924	西ヨーロッパ	フランス	122
1928	西ヨーロッパ	フランス	36
1932	西ヨーロッパ	フランス	37
1936	西ヨーロッパ	フランス	43
1948	西ヨーロッパ	フランス	68
1952	西ヨーロッパ	フランス	39
1956	西ヨーロッパ	フランス	32
1960	西ヨーロッパ	フランス	11
1964	西ヨーロッパ	フランス	31
1968	西ヨーロッパ	フランス	27
1972	西ヨーロッパ	フランス	22
1976	西ヨーロッパ	フランス	20
1980	西ヨーロッパ	フランス	29
1984	西ヨーロッパ	フランス	68
1988	西ヨーロッパ	フランス	29
1992	西ヨーロッパ	フランス	57
1996	西ヨーロッパ	フランス	51
2000	西ヨーロッパ	フランス	66
2004	西ヨーロッパ	フランス	53
2008	西ヨーロッパ	フランス	76
2012	西ヨーロッパ	フランス	82
2012	サブサハラ・アフリカ	ガボン	1
1996	西アジア	ジョージア	2
2000	西アジア	ジョージア	6
2004	西アジア	ジョージア	4
2008	西アジア	ジョージア	6
2012	西アジア	ジョージア	7
1896	西ヨーロッパ	ドイツ	33
1900	西ヨーロッパ	ドイツ	40
1904	西ヨーロッパ	ドイツ	13
1908	西ヨーロッパ	ドイツ	22
1912	西ヨーロッパ	ドイツ	52
1928	西ヨーロッパ	ドイツ	72
1932	西ヨーロッパ	ドイツ	38
1936	西ヨーロッパ	ドイツ	210
1952	西ヨーロッパ	ドイツ	40
1992	西ヨーロッパ	ドイツ	198
1996	西ヨーロッパ	ドイツ	124
2000	西ヨーロッパ	ドイツ	119
2004	西ヨーロッパ	ドイツ	149
2008	西ヨーロッパ	ドイツ	101
2012	西ヨーロッパ	ドイツ	94
1960	サブサハラ・アフリカ	ガーナ	1
1964	サブサハラ・アフリカ	ガーナ	1
1972	サブサハラ・アフリカ	ガーナ	1
1992	サブサハラ・アフリカ	ガーナ	13
1896	北ヨーロッパ	イギリス	7
1900	北ヨーロッパ	イギリス	78
1904	北ヨーロッパ	イギリス	2
1908	北ヨーロッパ	イギリス	347
1912	北ヨーロッパ	イギリス	160
1920	北ヨーロッパ	イギリス	107
1924	北ヨーロッパ	イギリス	66
1928	北ヨーロッパ	イギリス	55
1932	北ヨーロッパ	イギリス	34
1936	北ヨーロッパ	イギリス	36
1948	北ヨーロッパ	イギリス	56
1952	北ヨーロッパ	イギリス	31
1956	北ヨーロッパ	イギリス	45
1960	北ヨーロッパ	イギリス	28
1964	北ヨーロッパ	イギリス	28
1968	北ヨーロッパ	イギリス	18
1972	北ヨーロッパ	イギリス	29
1976	北ヨーロッパ	イギリス	32
1980	北ヨーロッパ	イギリス	45
1984	北ヨーロッパ	イギリス	72
1988	北ヨーロッパ	イギリス	53
1992	北ヨーロッパ	イギリス	50
1996	北ヨーロッパ	イギリス	26
2000	北ヨーロッパ	イギリス	55
2004	北ヨーロッパ	イギリス	57
2008	北ヨーロッパ	イギリス	77
2012	北ヨーロッパ	イギリス	126
1896	南ヨーロッパ	ギリシャ	52
1904	南ヨーロッパ	ギリシャ	2
1908	南ヨーロッパ	ギリシャ	3
1912	南ヨーロッパ	ギリシャ	2
1920	南ヨーロッパ	ギリシャ	5
1956	南ヨーロッパ	ギリシャ	1
1960	南ヨーロッパ	ギリシャ	3
1968	南ヨーロッパ	ギリシャ	1
1972	南ヨーロッパ	ギリシャ	2
1980	南ヨーロッパ	ギリシャ	5
1984	南ヨーロッパ	ギリシャ	2
1988	南ヨーロッパ	ギリシャ	1
1992	南ヨーロッパ	ギリシャ	2
1996	南ヨーロッパ	ギリシャ	8
2000	南ヨーロッパ	ギリシャ	18
2004	南ヨーロッパ	ギリシャ	31
2008	南ヨーロッパ	ギリシャ	7
2012	南ヨーロッパ	ギリシャ	3
2012	ラテンアメリカ・カリブ海地域	グレナダ	1
2012	ラテンアメリカ・カリブ海地域	グアテマラ	1
1980	ラテンアメリカ・カリブ海地域	ガイアナ	1
1924	ラテンアメリカ・カリブ海地域	ハイチ	7
1928	ラテンアメリカ・カリブ海地域	ハイチ	1
1996	東アジア	香港	1
2004	東アジア	香港	2
2012	東アジア	香港	1
1896	東ヨーロッパ	ハンガリー	6
1900	東ヨーロッパ	ハンガリー	5
1904	東ヨーロッパ	ハンガリー	4
1908	東ヨーロッパ	ハンガリー	18
1912	東ヨーロッパ	ハンガリー	30
1924	東ヨーロッパ	ハンガリー	20
1928	東ヨーロッパ	ハンガリー	20
1932	東ヨーロッパ	ハンガリー	32
1936	東ヨーロッパ	ハンガリー	42
1948	東ヨーロッパ	ハンガリー	60
1952	東ヨーロッパ	ハンガリー	101
1956	東ヨーロッパ	ハンガリー	64
1960	東ヨーロッパ	ハンガリー	65
1964	東ヨーロッパ	ハンガリー	56
1968	東ヨーロッパ	ハンガリー	81
1972	東ヨーロッパ	ハンガリー	81
1976	東ヨーロッパ	ハンガリー	55
1980	東ヨーロッパ	ハンガリー	61
1988	東ヨーロッパ	ハンガリー	44
1992	東ヨーロッパ	ハンガリー	45
1996	東ヨーロッパ	ハンガリー	43
2000	東ヨーロッパ	ハンガリー	53
2004	東ヨーロッパ	ハンガリー	40
2008	東ヨーロッパ	ハンガリー	27
2012	東ヨーロッパ	ハンガリー	26
1956	北ヨーロッパ	アイスランド	1
1984	北ヨーロッパ	アイスランド	1
2000	北ヨーロッパ	アイスランド	1
2008	北ヨーロッパ	アイスランド	14
1900	南アジア	インド	2
1928	南アジア	インド	15
1932	南アジア	インド	11
1936	南アジア	インド	19
1948	南アジア	インド	20
1952	南アジア	インド	15
1956	南アジア	インド	17
1960	南アジア	インド	13
1964	南アジア	インド	15
1968	南アジア	インド	15
1972	南アジア	インド	14
1980	南アジア	インド	16
1996	南アジア	インド	1
2000	南アジア	インド	1
2004	南アジア	インド	1
2008	南アジア	インド	3
2012	南アジア	インド	6
1988	東南アジア	インドネシア	3
1992	東南アジア	インドネシア	6
1996	東南アジア	インドネシア	6
2000	東南アジア	インドネシア	8
2004	東南アジア	インドネシア	5
2008	東南アジア	インドネシア	7
2012	東南アジア	インドネシア	3
1896	東ヨーロッパ	国際オリンピック委員会混成チーム	6
1900	東ヨーロッパ	国際オリンピック委員会混成チーム	34
1904	東ヨーロッパ	国際オリンピック委員会混成チーム	8
1992	東ヨーロッパ	国際オリンピック委員会統一チーム	223
1948	西アジア	イラン	1
1952	西アジア	イラン	7
1956	西アジア	イラン	5
1960	西アジア	イラン	4
1964	西アジア	イラン	2
1968	西アジア	イラン	5
1972	西アジア	イラン	3
1976	西アジア	イラン	2
1988	西アジア	イラン	1
1992	西アジア	イラン	3
1996	西アジア	イラン	3
2000	西アジア	イラン	4
2004	西アジア	イラン	6
2008	西アジア	イラン	2
2012	西アジア	イラン	13
1960	西アジア	イラク	1
1928	北ヨーロッパ	アイルランド	1
1932	北ヨーロッパ	アイルランド	2
1952	北ヨーロッパ	アイルランド	1
1956	北ヨーロッパ	アイルランド	5
1964	北ヨーロッパ	アイルランド	1
1980	北ヨーロッパ	アイルランド	3
1984	北ヨーロッパ	アイルランド	1
1992	北ヨーロッパ	アイルランド	2
1996	北ヨーロッパ	アイルランド	4
2000	北ヨーロッパ	アイルランド	1
2008	北ヨーロッパ	アイルランド	3
2012	北ヨーロッパ	アイルランド	6
1992	西アジア	イスラエル	2
1996	西アジア	イスラエル	1
2000	西アジア	イスラエル	1
2004	西アジア	イスラエル	2
2008	西アジア	イスラエル	1
1900	南ヨーロッパ	イタリア	4
1908	南ヨーロッパ	イタリア	7
1912	南ヨーロッパ	イタリア	21
1920	南ヨーロッパ	イタリア	84
1924	南ヨーロッパ	イタリア	51
1928	南ヨーロッパ	イタリア	70
1932	南ヨーロッパ	イタリア	77
1936	南ヨーロッパ	イタリア	71
1948	南ヨーロッパ	イタリア	63
1952	南ヨーロッパ	イタリア	53
1956	南ヨーロッパ	イタリア	46
1960	南ヨーロッパ	イタリア	88
1964	南ヨーロッパ	イタリア	50
1968	南ヨーロッパ	イタリア	32
1972	南ヨーロッパ	イタリア	25
1976	南ヨーロッパ	イタリア	31
1980	南ヨーロッパ	イタリア	37
1984	南ヨーロッパ	イタリア	63
1988	南ヨーロッパ	イタリア	29
1992	南ヨーロッパ	イタリア	46
1996	南ヨーロッパ	イタリア	71
2000	南ヨーロッパ	イタリア	65
2004	南ヨーロッパ	イタリア	102
2008	南ヨーロッパ	イタリア	42
2012	南ヨーロッパ	イタリア	68
1984	サブサハラ・アフリカ	コートジボワール	1
1948	ラテンアメリカ・カリブ海地域	ジャマイカ	3
1952	ラテンアメリカ・カリブ海地域	ジャマイカ	8
1968	ラテンアメリカ・カリブ海地域	ジャマイカ	1
1972	ラテンアメリカ・カリブ海地域	ジャマイカ	1
1976	ラテンアメリカ・カリブ海地域	ジャマイカ	2
1980	ラテンアメリカ・カリブ海地域	ジャマイカ	3
1984	ラテンアメリカ・カリブ海地域	ジャマイカ	6
1988	ラテンアメリカ・カリブ海地域	ジャマイカ	5
1992	ラテンアメリカ・カリブ海地域	ジャマイカ	4
1996	ラテンアメリカ・カリブ海地域	ジャマイカ	16
2000	ラテンアメリカ・カリブ海地域	ジャマイカ	23
2004	ラテンアメリカ・カリブ海地域	ジャマイカ	13
2008	ラテンアメリカ・カリブ海地域	ジャマイカ	17
2012	ラテンアメリカ・カリブ海地域	ジャマイカ	25
1920	東アジア	日本	3
1924	東アジア	日本	1
1928	東アジア	日本	8
1932	東アジア	日本	31
1936	東アジア	日本	21
1952	東アジア	日本	12
1956	東アジア	日本	24
1960	東アジア	日本	29
1964	東アジア	日本	64
1968	東アジア	日本	67
1972	東アジア	日本	56
1976	東アジア	日本	41
1984	東アジア	日本	49
1988	東アジア	日本	20
1992	東アジア	日本	47
1996	東アジア	日本	43
2000	東アジア	日本	43
2004	東アジア	日本	94
2008	東アジア	日本	51
2012	東アジア	日本	84
1996	中央アジア	カザフスタン	11
2000	中央アジア	カザフスタン	7
2004	中央アジア	カザフスタン	8
2008	中央アジア	カザフスタン	13
2012	中央アジア	カザフスタン	10
1964	サブサハラ・アフリカ	ケニア	1
1968	サブサハラ・アフリカ	ケニア	12
1972	サブサハラ・アフリカ	ケニア	12
1984	サブサハラ・アフリカ	ケニア	3
1988	サブサハラ・アフリカ	ケニア	9
1992	サブサハラ・アフリカ	ケニア	8
1996	サブサハラ・アフリカ	ケニア	8
2000	サブサハラ・アフリカ	ケニア	7
2004	サブサハラ・アフリカ	ケニア	7
2008	サブサハラ・アフリカ	ケニア	14
2012	サブサハラ・アフリカ	ケニア	12
2000	西アジア	クウェート	1
2012	西アジア	クウェート	1
2000	中央アジア	キルギス	1
2008	中央アジア	キルギス	2
1932	北ヨーロッパ	ラトビア	1
1936	北ヨーロッパ	ラトビア	2
1992	北ヨーロッパ	ラトビア	3
1996	北ヨーロッパ	ラトビア	1
2000	北ヨーロッパ	ラトビア	3
2004	北ヨーロッパ	ラトビア	4
2008	北ヨーロッパ	ラトビア	3
2012	北ヨーロッパ	ラトビア	3
1952	西アジア	レバノン	2
1972	西アジア	レバノン	1
1980	西アジア	レバノン	1
1992	北ヨーロッパ	リトアニア	13
1996	北ヨーロッパ	リトアニア	12
2000	北ヨーロッパ	リトアニア	17
2004	北ヨーロッパ	リトアニア	3
2008	北ヨーロッパ	リトアニア	5
2012	北ヨーロッパ	リトアニア	5
1920	西ヨーロッパ	ルクセンブルク	1
1952	西ヨーロッパ	ルクセンブルク	1
2000	南ヨーロッパ	マケドニア	1
1992	東南アジア	マレーシア	2
1996	東南アジア	マレーシア	3
2008	東南アジア	マレーシア	1
2012	東南アジア	マレーシア	2
2008	サブサハラ・アフリカ	モーリシャス	1
1932	ラテンアメリカ・カリブ海地域	メキシコ	2
1936	ラテンアメリカ・カリブ海地域	メキシコ	16
1948	ラテンアメリカ・カリブ海地域	メキシコ	9
1952	ラテンアメリカ・カリブ海地域	メキシコ	1
1956	ラテンアメリカ・カリブ海地域	メキシコ	2
1960	ラテンアメリカ・カリブ海地域	メキシコ	1
1964	ラテンアメリカ・カリブ海地域	メキシコ	1
1968	ラテンアメリカ・カリブ海地域	メキシコ	9
1972	ラテンアメリカ・カリブ海地域	メキシコ	1
1976	ラテンアメリカ・カリブ海地域	メキシコ	2
1980	ラテンアメリカ・カリブ海地域	メキシコ	12
1984	ラテンアメリカ・カリブ海地域	メキシコ	6
1988	ラテンアメリカ・カリブ海地域	メキシコ	2
1992	ラテンアメリカ・カリブ海地域	メキシコ	1
1996	ラテンアメリカ・カリブ海地域	メキシコ	1
2000	ラテンアメリカ・カリブ海地域	メキシコ	6
2004	ラテンアメリカ・カリブ海地域	メキシコ	4
2008	ラテンアメリカ・カリブ海地域	メキシコ	4
2012	ラテンアメリカ・カリブ海地域	メキシコ	26
1996	東ヨーロッパ	モルドバ	3
2000	東ヨーロッパ	モルドバ	2
2008	東ヨーロッパ	モルドバ	1
1968	東アジア	モンゴル	4
1972	東アジア	モンゴル	1
1976	東アジア	モンゴル	1
1980	東アジア	モンゴル	4
1988	東アジア	モンゴル	1
1992	東アジア	モンゴル	2
1996	東アジア	モンゴル	1
2004	東アジア	モンゴル	1
2008	東アジア	モンゴル	4
2012	東アジア	モンゴル	5
2012	南ヨーロッパ	モンテネグロ	14
1960	北アフリカ	モロッコ	1
1984	北アフリカ	モロッコ	2
1988	北アフリカ	モロッコ	3
1992	北アフリカ	モロッコ	3
1996	北アフリカ	モロッコ	2
2000	北アフリカ	モロッコ	5
2004	北アフリカ	モロッコ	3
2008	北アフリカ	モロッコ	2
2012	北アフリカ	モロッコ	1
1996	サブサハラ・アフリカ	モザンビーク	1
2000	サブサハラ・アフリカ	モザンビーク	1
1992	サブサハラ・アフリカ	ナミビア	2
1996	サブサハラ・アフリカ	ナミビア	2
1900	西ヨーロッパ	オランダ	20
1908	西ヨーロッパ	オランダ	11
1912	西ヨーロッパ	オランダ	22
1920	西ヨーロッパ	オランダ	48
1924	西ヨーロッパ	オランダ	26
1928	西ヨーロッパ	オランダ	65
1932	西ヨーロッパ	オランダ	12
1936	西ヨーロッパ	オランダ	37
1948	西ヨーロッパ	オランダ	42
1952	西ヨーロッパ	オランダ	18
1960	西ヨーロッパ	オランダ	3
1964	西ヨーロッパ	オランダ	30
1968	西ヨーロッパ	オランダ	14
1972	西ヨーロッパ	オランダ	6
1976	西ヨーロッパ	オランダ	15
1980	西ヨーロッパ	オランダ	6
1984	西ヨーロッパ	オランダ	40
1988	西ヨーロッパ	オランダ	44
1992	西ヨーロッパ	オランダ	33
1996	西ヨーロッパ	オランダ	73
2000	西ヨーロッパ	オランダ	79
2004	西ヨーロッパ	オランダ	76
2008	西ヨーロッパ	オランダ	62
2012	西ヨーロッパ	オランダ	69
1988	ラテンアメリカ・カリブ海地域	オランダ領アンティル	1
1920	オーストラレーシア	ニュージーランド	1
1924	オーストラレーシア	ニュージーランド	1
1928	オーストラレーシア	ニュージーランド	1
1932	オーストラレーシア	ニュージーランド	2
1936	オーストラレーシア	ニュージーランド	1
1952	オーストラレーシア	ニュージーランド	3
1956	オーストラレーシア	ニュージーランド	3
1960	オーストラレーシア	ニュージーランド	3
1964	オーストラレーシア	ニュージーランド	6
1968	オーストラレーシア	ニュージーランド	7
1972	オーストラレーシア	ニュージーランド	14
1976	オーストラレーシア	ニュージーランド	27
1984	オーストラレーシア	ニュージーランド	23
1988	オーストラレーシア	ニュージーランド	24
1992	オーストラレーシア	ニュージーランド	15
1996	オーストラレーシア	ニュージーランド	9
2000	オーストラレーシア	ニュージーランド	4
2004	オーストラレーシア	ニュージーランド	6
2008	オーストラレーシア	ニュージーランド	14
2012	オーストラレーシア	ニュージーランド	26
1972	サブサハラ・アフリカ	ニジェール	1
1964	サブサハラ・アフリカ	ナイジェリア	1
1972	サブサハラ・アフリカ	ナイジェリア	1
1984	サブサハラ・アフリカ	ナイジェリア	5
1992	サブサハラ・アフリカ	ナイジェリア	11
1996	サブサハラ・アフリカ	ナイジェリア	26
2000	サブサハラ・アフリカ	ナイジェリア	8
2004	サブサハラ・アフリカ	ナイジェリア	8
2008	サブサハラ・アフリカ	ナイジェリア	24
1972	東アジア	北朝鮮	15
1976	東アジア	北朝鮮	2
1980	東アジア	北朝鮮	5
1992	東アジア	北朝鮮	10
1996	東アジア	北朝鮮	5
2000	東アジア	北朝鮮	4
2004	東アジア	北朝鮮	5
2008	東アジア	北朝鮮	6
2012	東アジア	北朝鮮	6
1900	北ヨーロッパ	ノルウェー	9
1908	北ヨーロッパ	ノルウェー	44
1912	北ヨーロッパ	ノルウェー	76
1920	北ヨーロッパ	ノルウェー	141
1924	北ヨーロッパ	ノルウェー	26
1928	北ヨーロッパ	ノルウェー	9
1936	北ヨーロッパ	ノルウェー	28
1948	北ヨーロッパ	ノルウェー	18
1952	北ヨーロッパ	ノルウェー	13
1956	北ヨーロッパ	ノルウェー	3
1960	北ヨーロッパ	ノルウェー	2
1968	北ヨーロッパ	ノルウェー	6
1972	北ヨーロッパ	ノルウェー	8
1976	北ヨーロッパ	ノルウェー	6
1984	北ヨーロッパ	ノルウェー	4
1988	北ヨーロッパ	ノルウェー	23
1992	北ヨーロッパ	ノルウェー	23
1996	北ヨーロッパ	ノルウェー	25
2000	北ヨーロッパ	ノルウェー	44
2004	北ヨーロッパ	ノルウェー	7
2008	北ヨーロッパ	ノルウェー	22
2012	北ヨーロッパ	ノルウェー	17
1956	南アジア	パキスタン	14
1960	南アジア	パキスタン	14
1964	南アジア	パキスタン	16
1968	南アジア	パキスタン	13
1972	南アジア	パキスタン	15
1976	南アジア	パキスタン	16
1984	南アジア	パキスタン	16
1988	南アジア	パキスタン	1
1992	南アジア	パキスタン	16
1948	ラテンアメリカ・カリブ海地域	パナマ	2
2008	ラテンアメリカ・カリブ海地域	パナマ	1
2004	ラテンアメリカ・カリブ海地域	パラグアイ	17
1948	ラテンアメリカ・カリブ海地域	ペルー	1
1984	ラテンアメリカ・カリブ海地域	ペルー	1
1988	ラテンアメリカ・カリブ海地域	ペルー	12
1992	ラテンアメリカ・カリブ海地域	ペルー	1
1928	東南アジア	フィリピン	1
1932	東南アジア	フィリピン	3
1936	東南アジア	フィリピン	1
1964	東南アジア	フィリピン	1
1988	東南アジア	フィリピン	1
1992	東南アジア	フィリピン	1
1996	東南アジア	フィリピン	1
1924	東ヨーロッパ	ポーランド	5
1928	東ヨーロッパ	ポーランド	18
1932	東ヨーロッパ	ポーランド	19
1936	東ヨーロッパ	ポーランド	9
1948	東ヨーロッパ	ポーランド	1
1952	東ヨーロッパ	ポーランド	4
1956	東ヨーロッパ	ポーランド	19
1960	東ヨーロッパ	ポーランド	30
1964	東ヨーロッパ	ポーランド	48
1968	東ヨーロッパ	ポーランド	37
1972	東ヨーロッパ	ポーランド	46
1976	東ヨーロッパ	ポーランド	73
1980	東ヨーロッパ	ポーランド	50
1988	東ヨーロッパ	ポーランド	21
1992	東ヨーロッパ	ポーランド	42
1996	東ヨーロッパ	ポーランド	21
2000	東ヨーロッパ	ポーランド	24
2004	東ヨーロッパ	ポーランド	12
2008	東ヨーロッパ	ポーランド	20
2012	東ヨーロッパ	ポーランド	12
1924	南ヨーロッパ	ポルトガル	3
1936	南ヨーロッパ	ポルトガル	3
1948	南ヨーロッパ	ポルトガル	5
1952	南ヨーロッパ	ポルトガル	2
1960	南ヨーロッパ	ポルトガル	2
1976	南ヨーロッパ	ポルトガル	2
1984	南ヨーロッパ	ポルトガル	3
1988	南ヨーロッパ	ポルトガル	1
1996	南ヨーロッパ	ポルトガル	3
2000	南ヨーロッパ	ポルトガル	2
2004	南ヨーロッパ	ポルトガル	3
2008	南ヨーロッパ	ポルトガル	2
2012	南ヨーロッパ	ポルトガル	2
1948	ラテンアメリカ・カリブ海地域	プエルトリコ	1
1976	ラテンアメリカ・カリブ海地域	プエルトリコ	1
1984	ラテンアメリカ・カリブ海地域	プエルトリコ	2
1992	ラテンアメリカ・カリブ海地域	プエルトリコ	1
1996	ラテンアメリカ・カリブ海地域	プエルトリコ	1
2012	ラテンアメリカ・カリブ海地域	プエルトリコ	2
1992	西アジア	カタール	1
2000	西アジア	カタール	1
2012	西アジア	カタール	2
1924	東ヨーロッパ	ルーマニア	23
1936	東ヨーロッパ	ルーマニア	2
1952	東ヨーロッパ	ルーマニア	4
1956	東ヨーロッパ	ルーマニア	19
1960	東ヨーロッパ	ルーマニア	15
1964	東ヨーロッパ	ルーマニア	16
1968	東ヨーロッパ	ルーマニア	23
1972	東ヨーロッパ	ルーマニア	40
1976	東ヨーロッパ	ルーマニア	55
1980	東ヨーロッパ	ルーマニア	72
1984	東ヨーロッパ	ルーマニア	106
1988	東ヨーロッパ	ルーマニア	51
1992	東ヨーロッパ	ルーマニア	53
1996	東ヨーロッパ	ルーマニア	38
2000	東ヨーロッパ	ルーマニア	46
2004	東ヨーロッパ	ルーマニア	39
2008	東ヨーロッパ	ルーマニア	22
2012	東ヨーロッパ	ルーマニア	16
1996	東ヨーロッパ	ロシア	115
2000	東ヨーロッパ	ロシア	188
2004	東ヨーロッパ	ロシア	192
2008	東ヨーロッパ	ロシア	143
2012	東ヨーロッパ	ロシア	130
1908	東ヨーロッパ	ロシア帝国	3
1912	東ヨーロッパ	ロシア帝国	14
2000	西アジア	サウジアラビア	2
2012	西アジア	サウジアラビア	4
1988	サブサハラ・アフリカ	セネガル	1
2008	南ヨーロッパ	セルビア	15
2012	南ヨーロッパ	セルビア	16
2004	南ヨーロッパ	セルビア・モンテネグロ	14
1960	東南アジア	シンガポール	1
2008	東南アジア	シンガポール	3
2012	東南アジア	シンガポール	4
1996	東ヨーロッパ	スロバキア	3
2000	東ヨーロッパ	スロバキア	6
2004	東ヨーロッパ	スロバキア	10
2008	東ヨーロッパ	スロバキア	10
2012	東ヨーロッパ	スロバキア	5
1992	南ヨーロッパ	スロベニア	6
1996	南ヨーロッパ	スロベニア	2
2000	南ヨーロッパ	スロベニア	3
2004	南ヨーロッパ	スロベニア	5
2008	南ヨーロッパ	スロベニア	5
2012	南ヨーロッパ	スロベニア	5
1908	サブサハラ・アフリカ	南アフリカ	2
1912	サブサハラ・アフリカ	南アフリカ	7
1920	サブサハラ・アフリカ	南アフリカ	21
1924	サブサハラ・アフリカ	南アフリカ	3
1928	サブサハラ・アフリカ	南アフリカ	6
1932	サブサハラ・アフリカ	南アフリカ	5
1936	サブサハラ・アフリカ	南アフリカ	1
1948	サブサハラ・アフリカ	南アフリカ	4
1952	サブサハラ・アフリカ	南アフリカ	14
1956	サブサハラ・アフリカ	南アフリカ	7
1960	サブサハラ・アフリカ	南アフリカ	3
1992	サブサハラ・アフリカ	南アフリカ	3
1996	サブサハラ・アフリカ	南アフリカ	5
2000	サブサハラ・アフリカ	南アフリカ	5
2004	サブサハラ・アフリカ	南アフリカ	10
2008	サブサハラ・アフリカ	南アフリカ	1
2012	サブサハラ・アフリカ	南アフリカ	9
1948	東アジア	韓国	2
1952	東アジア	韓国	2
1956	東アジア	韓国	2
1964	東アジア	韓国	3
1968	東アジア	韓国	2
1972	東アジア	韓国	1
1976	東アジア	韓国	17
1984	東アジア	韓国	42
1988	東アジア	韓国	77
1992	東アジア	韓国	49
1996	東アジア	韓国	66
2000	東アジア	韓国	73
2004	東アジア	韓国	52
2008	東アジア	韓国	78
2012	東アジア	韓国	63
1952	東ヨーロッパ	ソビエト連邦	117
1956	東ヨーロッパ	ソビエト連邦	169
1960	東ヨーロッパ	ソビエト連邦	169
1964	東ヨーロッパ	ソビエト連邦	174
1968	東ヨーロッパ	ソビエト連邦	188
1972	東ヨーロッパ	ソビエト連邦	211
1976	東ヨーロッパ	ソビエト連邦	285
1980	東ヨーロッパ	ソビエト連邦	442
1988	東ヨーロッパ	ソビエト連邦	294
1900	南ヨーロッパ	スペイン	2
1920	南ヨーロッパ	スペイン	24
1928	南ヨーロッパ	スペイン	3
1932	南ヨーロッパ	スペイン	1
1948	南ヨーロッパ	スペイン	3
1952	南ヨーロッパ	スペイン	1
1960	南ヨーロッパ	スペイン	14
1972	南ヨーロッパ	スペイン	1
1976	南ヨーロッパ	スペイン	6
1980	南ヨーロッパ	スペイン	24
1984	南ヨーロッパ	スペイン	19
1988	南ヨーロッパ	スペイン	5
1992	南ヨーロッパ	スペイン	66
1996	南ヨーロッパ	スペイン	67
2000	南ヨーロッパ	スペイン	43
2004	南ヨーロッパ	スペイン	27
2008	南ヨーロッパ	スペイン	71
2012	南ヨーロッパ	スペイン	65
1948	南アジア	スリランカ	1
2000	南アジア	スリランカ	1
2008	サブサハラ・アフリカ	スーダン	1
1988	ラテンアメリカ・カリブ海地域	スリナム	1
1992	ラテンアメリカ・カリブ海地域	スリナム	1
1900	北ヨーロッパ	スウェーデン	1
1908	北ヨーロッパ	スウェーデン	98
1912	北ヨーロッパ	スウェーデン	173
1920	北ヨーロッパ	スウェーデン	146
1924	北ヨーロッパ	スウェーデン	80
1928	北ヨーロッパ	スウェーデン	36
1932	北ヨーロッパ	スウェーデン	31
1936	北ヨーロッパ	スウェーデン	34
1948	北ヨーロッパ	スウェーデン	73
1952	北ヨーロッパ	スウェーデン	70
1956	北ヨーロッパ	スウェーデン	34
1960	北ヨーロッパ	スウェーデン	7
1964	北ヨーロッパ	スウェーデン	15
1968	北ヨーロッパ	スウェーデン	9
1972	北ヨーロッパ	スウェーデン	21
1976	北ヨーロッパ	スウェーデン	10
1980	北ヨーロッパ	スウェーデン	18
1984	北ヨーロッパ	スウェーデン	32
1988	北ヨーロッパ	スウェーデン	16
1992	北ヨーロッパ	スウェーデン	35
1996	北ヨーロッパ	スウェーデン	31
2000	北ヨーロッパ	スウェーデン	32
2004	北ヨーロッパ	スウェーデン	12
2008	北ヨーロッパ	スウェーデン	7
2012	北ヨーロッパ	スウェーデン	23
1896	西ヨーロッパ	スイス	3
1900	西ヨーロッパ	スイス	15
1904	西ヨーロッパ	スイス	2
1920	西ヨーロッパ	スイス	29
1924	西ヨーロッパ	スイス	65
1928	西ヨーロッパ	スイス	29
1932	西ヨーロッパ	スイス	1
1936	西ヨーロッパ	スイス	47
1948	西ヨーロッパ	スイス	32
1952	西ヨーロッパ	スイス	33
1956	西ヨーロッパ	スイス	3
1960	西ヨーロッパ	スイス	11
1964	西ヨーロッパ	スイス	6
1968	西ヨーロッパ	スイス	13
1972	西ヨーロッパ	スイス	8
1976	西ヨーロッパ	スイス	10
1980	西ヨーロッパ	スイス	2
1984	西ヨーロッパ	スイス	15
1988	西ヨーロッパ	スイス	8
1992	西ヨーロッパ	スイス	1
1996	西ヨーロッパ	スイス	11
2000	西ヨーロッパ	スイス	14
2004	西ヨーロッパ	スイス	7
2008	西ヨーロッパ	スイス	11
2012	西ヨーロッパ	スイス	4
1984	西アジア	シリア	1
1996	西アジア	シリア	1
2004	西アジア	シリア	1
2008	中央アジア	タジキスタン	2
2012	中央アジア	タジキスタン	1
1980	サブサハラ・アフリカ	タンザニア	2
1976	東南アジア	タイ	1
1984	東南アジア	タイ	1
1988	東南アジア	タイ	1
1992	東南アジア	タイ	1
1996	東南アジア	タイ	2
2000	東南アジア	タイ	3
2004	東南アジア	タイ	8
2008	東南アジア	タイ	4
2012	東南アジア	タイ	4
2008	サブサハラ・アフリカ	トーゴ	1
1996	ポリネシア	トンガ	1
1948	ラテンアメリカ・カリブ海地域	トリニダード・トバゴ	1
1952	ラテンアメリカ・カリブ海地域	トリニダード・トバゴ	2
1964	ラテンアメリカ・カリブ海地域	トリニダード・トバゴ	6
1976	ラテンアメリカ・カリブ海地域	トリニダード・トバゴ	1
1996	ラテンアメリカ・カリブ海地域	トリニダード・トバゴ	2
2000	ラテンアメリカ・カリブ海地域	トリニダード・トバゴ	2
2004	ラテンアメリカ・カリブ海地域	トリニダード・トバゴ	1
2008	ラテンアメリカ・カリブ海地域	トリニダード・トバゴ	5
2012	ラテンアメリカ・カリブ海地域	トリニダード・トバゴ	10
1964	北アフリカ	チュニジア	2
1968	北アフリカ	チュニジア	2
1972	北アフリカ	チュニジア	1
1996	北アフリカ	チュニジア	1
2008	北アフリカ	チュニジア	1
2012	北アフリカ	チュニジア	3
1936	西アジア	トルコ	2
1948	西アジア	トルコ	12
1952	西アジア	トルコ	3
1956	西アジア	トルコ	7
1960	西アジア	トルコ	9
1964	西アジア	トルコ	6
1968	西アジア	トルコ	2
1972	西アジア	トルコ	1
1984	西アジア	トルコ	3
1988	西アジア	トルコ	2
1992	西アジア	トルコ	6
1996	西アジア	トルコ	6
2000	西アジア	トルコ	5
2004	西アジア	トルコ	10
2008	西アジア	トルコ	8
2012	西アジア	トルコ	4
1968	サブサハラ・アフリカ	ウガンダ	2
1972	サブサハラ・アフリカ	ウガンダ	2
1980	サブサハラ・アフリカ	ウガンダ	1
1996	サブサハラ・アフリカ	ウガンダ	1
2012	サブサハラ・アフリカ	ウガンダ	1
1996	東ヨーロッパ	ウクライナ	34
2000	東ヨーロッパ	ウクライナ	35
2004	東ヨーロッパ	ウクライナ	48
2008	東ヨーロッパ	ウクライナ	31
2012	東ヨーロッパ	ウクライナ	25
2004	西アジア	アラブ首長国連邦	1
1896	北アメリカ	アメリカ合衆国	20
1900	北アメリカ	アメリカ合衆国	55
1904	北アメリカ	アメリカ合衆国	394
1908	北アメリカ	アメリカ合衆国	63
1912	北アメリカ	アメリカ合衆国	101
1920	北アメリカ	アメリカ合衆国	193
1924	北アメリカ	アメリカ合衆国	198
1928	北アメリカ	アメリカ合衆国	84
1932	北アメリカ	アメリカ合衆国	181
1936	北アメリカ	アメリカ合衆国	92
1948	北アメリカ	アメリカ合衆国	148
1952	北アメリカ	アメリカ合衆国	130
1956	北アメリカ	アメリカ合衆国	175
1960	北アメリカ	アメリカ合衆国	200
1964	北アメリカ	アメリカ合衆国	265
1968	北アメリカ	アメリカ合衆国	149
1972	北アメリカ	アメリカ合衆国	155
1976	北アメリカ	アメリカ合衆国	155
1984	北アメリカ	アメリカ合衆国	333
1988	北アメリカ	アメリカ合衆国	193
1992	北アメリカ	アメリカ合衆国	224
1996	北アメリカ	アメリカ合衆国	260
2000	北アメリカ	アメリカ合衆国	248
2004	北アメリカ	アメリカ合衆国	264
2008	北アメリカ	アメリカ合衆国	315
2012	北アメリカ	アメリカ合衆国	250
1924	ラテンアメリカ・カリブ海地域	ウルグアイ	22
1928	ラテンアメリカ・カリブ海地域	ウルグアイ	22
1932	ラテンアメリカ・カリブ海地域	ウルグアイ	1
1948	ラテンアメリカ・カリブ海地域	ウルグアイ	3
1952	ラテンアメリカ・カリブ海地域	ウルグアイ	14
1956	ラテンアメリカ・カリブ海地域	ウルグアイ	12
1964	ラテンアメリカ・カリブ海地域	ウルグアイ	1
2000	ラテンアメリカ・カリブ海地域	ウルグアイ	1
1996	中央アジア	ウズベキスタン	2
2000	中央アジア	ウズベキスタン	4
2004	中央アジア	ウズベキスタン	5
2008	中央アジア	ウズベキスタン	6
2012	中央アジア	ウズベキスタン	3
1952	ラテンアメリカ・カリブ海地域	ベネズエラ	1
1960	ラテンアメリカ・カリブ海地域	ベネズエラ	1
1968	ラテンアメリカ・カリブ海地域	ベネズエラ	1
1976	ラテンアメリカ・カリブ海地域	ベネズエラ	1
1980	ラテンアメリカ・カリブ海地域	ベネズエラ	1
1984	ラテンアメリカ・カリブ海地域	ベネズエラ	3
2004	ラテンアメリカ・カリブ海地域	ベネズエラ	2
2008	ラテンアメリカ・カリブ海地域	ベネズエラ	1
2012	ラテンアメリカ・カリブ海地域	ベネズエラ	1
2000	東南アジア	ベトナム	1
2008	東南アジア	ベトナム	1
1988	ラテンアメリカ・カリブ海地域	バージン諸島	1
1968	西ヨーロッパ	西ドイツ	49
1972	西ヨーロッパ	西ドイツ	96
1976	西ヨーロッパ	西ドイツ	75
1984	西ヨーロッパ	西ドイツ	157
1988	西ヨーロッパ	西ドイツ	113
1924	南ヨーロッパ	ユーゴスラビア	2
1928	南ヨーロッパ	ユーゴスラビア	12
1936	南ヨーロッパ	ユーゴスラビア	1
1948	南ヨーロッパ	ユーゴスラビア	16
1952	南ヨーロッパ	ユーゴスラビア	24
1956	南ヨーロッパ	ユーゴスラビア	23
1960	南ヨーロッパ	ユーゴスラビア	17
1964	南ヨーロッパ	ユーゴスラビア	15
1968	南ヨーロッパ	ユーゴスラビア	29
1972	南ヨーロッパ	ユーゴスラビア	18
1976	南ヨーロッパ	ユーゴスラビア	19
1980	南ヨーロッパ	ユーゴスラビア	57
1984	南ヨーロッパ	ユーゴスラビア	87
1988	南ヨーロッパ	ユーゴスラビア	63
1996	南ヨーロッパ	ユーゴスラビア	26
2000	南ヨーロッパ	ユーゴスラビア	26
1984	サブサハラ・アフリカ	ザンビア	1
1996	サブサハラ・アフリカ	ザンビア	1
1980	サブサハラ・アフリカ	ジンバブエ	16
2004	サブサハラ・アフリカ	ジンバブエ	3
2008	サブサハラ・アフリカ	ジンバブエ	4
